candidate_id,refinement_status,refined_rank,refined_candidate_score,area_m2,equivalent_candidate_patch_diameter_m,centroid_lat,centroid_lon,mean_ice_probability,max_ice_probability,ice_confidence_score,depth_likelihood_class,shallow_ice_likelihood,deep_ice_likelihood,psr_stability_proxy,mean_ratio_contribution,mean_intensity_contribution,mean_roughness_suitability_contribution,mean_psr_proxy_contribution,mean_candidate_score,mean_texture,mean_dem_roughness_proxy,mean_terrain_roughness,slope_safety_score,roughness_hazard_score,roughness_ambiguity_risk,confidence_before_penalty,confidence_after_penalty,candidate_confidence_after_roughness_penalty,confidence_level,reason_for_confidence,mean_slope_deg,max_slope_deg,nearest_landing_site_id,distance_to_nearest_landing_site_m,validation_priority_rank
C-055,kept_for_planning,1.0,0.9196858704090118,5000.0,79.78845608028654,-87.40691873656922,81.92374258254729,0.8393717408180237,0.8634000420570374,1.0,shallow-likelihood,1.0,0.6499999761581421,0.28291943669319153,0.28117689304053783,0.2667193468660116,0.22279146872460842,0.06868401169776917,0.8225793838500977,0.13780471682548523,0.0,0.0,1.0,0.0,Low,Medium,Medium,Medium,Medium,Medium before penalty; Medium after roughness penalty; low roughness ambiguity and medium threshold stability.,0.0,0.0,L-05,1561.8279804847268,5
C-052,kept_for_planning,2.0,0.9085673391819,6250.0,89.20620580763855,-87.36240310507867,82.02482211355412,0.8171346783638,0.858161985874176,0.9961431503295899,shallow-likelihood,0.9949860811233521,0.6449860632419586,0.2571002721786499,0.2693049505352974,0.26224620938301085,0.22441332787275314,0.061170165240764615,0.7950607538223267,0.13285283744335175,0.0,0.0,1.0,0.0,Low,Medium,Medium,Medium,Medium,Medium before penalty; Medium after roughness penalty; low roughness ambiguity and medium threshold stability.,0.0,0.0,L-05,2549.9031844366164,6
C-050,kept_for_planning,3.0,0.90838423371315,5000.0,79.78845608028654,-87.40368598899394,81.85807471394118,0.8167684674263,0.8478644490242004,1.0,shallow-likelihood,1.0,0.6499999761581421,0.28104448318481445,0.28776482678949833,0.24626406095921993,0.21460121124982834,0.06813836470246315,0.8336400985717773,0.1604185402393341,0.0,0.0,1.0,0.0,Low,Medium,Low,Low,Low,Medium before penalty; Low after roughness penalty; low roughness ambiguity and medium threshold stability.,0.0,0.0,L-05,1528.0738744003838,11
C-042,kept_for_planning,4.0,0.9055329263210297,9375.0,109.25484305920791,-87.37866334028057,81.60000904743451,0.8110658526420593,0.8523538708686829,0.9966184854507446,shallow-likelihood,0.9956040223439534,0.6456040024757386,0.26653122504552207,0.2726962129275004,0.2543399840593338,0.2201148400704066,0.06391474405924479,0.7999980449676514,0.14519503712654114,0.0,0.0,1.0,0.0,Low,High,High,High,High,High before penalty; High after roughness penalty; low roughness ambiguity and medium threshold stability.,0.0,0.0,L-05,1806.301469854908,2
C-030,kept_for_planning,5.0,0.9002879858016968,5625.0,84.62843753216345,-87.41938261588577,81.02078608918964,0.8005759716033936,0.8594837784767151,0.9860531091690063,shallow-likelihood,0.9818690352969699,0.6318690247005887,0.2901484039094713,0.2732038050889969,0.23649033738507164,0.22009404334757063,0.0707877700527509,0.7878220081329346,0.14525248110294342,0.0,0.0,1.0,0.0,Low,Low,Low,Low,Low,Low before penalty; Low after roughness penalty; low roughness ambiguity and low threshold stability.,0.0,0.0,L-05,335.92740617910584,20
C-045,kept_for_planning,6.0,0.8968617916107178,5000.0,79.78845608028654,-87.38098119480708,81.71281164230992,0.7937235832214355,0.8215467929840088,1.0,shallow-likelihood,1.0,0.6499999761581421,0.26787547767162323,0.2590930964797735,0.27000001072883606,0.2003245484083891,0.06430594436824322,0.8050523996353149,0.199837327003479,0.0,0.0,1.0,0.0,Low,Low,Low,Low,Low,Low before penalty; Low after roughness penalty; low roughness ambiguity and medium threshold stability.,0.0,0.0,L-05,1838.4802869829746,18
C-025,kept_for_planning,7.0,0.896325558423996,13125.0,129.27207364566027,-87.42577142180633,80.84790171837825,0.7926511168479919,0.8378415107727051,0.9962722290129888,shallow-likelihood,0.995153892607916,0.6451538716043744,0.29385359798158917,0.2848376589162009,0.24240476531641825,0.19354260287114552,0.07186604965300787,0.8460480570793152,0.21856272220611572,0.0,0.0,1.0,0.0,Low,High,High,High,High,High before penalty; High after roughness penalty; low roughness ambiguity and high threshold stability.,0.0,0.0,L-05,105.49661201854936,1
C-011,kept_for_planning,8.0,0.8922082185745239,11250.0,119.6826841204298,-87.44489680276521,80.22352631143121,0.7844164371490479,0.845028817653656,0.9965108864837222,shallow-likelihood,0.9954641461372375,0.6454641256067488,0.3049464424451192,0.25578995214568245,0.24757514314519036,0.20595707330438826,0.07509426772594452,0.7799490094184875,0.18428555130958557,0.0,0.0,1.0,0.0,Low,High,Medium,Medium,Medium,High before penalty; Medium after roughness penalty; low roughness ambiguity and medium threshold stability.,0.0,0.0,L-02,186.34935000400063,3
C-038,kept_for_planning,9.0,0.8909023404121399,5000.0,79.78845608028654,-87.3789777607809,81.47784635136681,0.7818046808242798,0.830344021320343,0.9945947825908661,shallow-likelihood,0.9929732233285904,0.6429731994867325,0.26671357080340385,0.26965308748185635,0.24000984616577625,0.20817388966679573,0.0639678118750453,0.7950525879859924,0.1781647801399231,0.0,0.0,1.0,0.0,Low,Low,Low,Low,Low,Low before penalty; Low after roughness penalty; low roughness ambiguity and low threshold stability.,0.0,0.0,L-03,1708.3349212390995,29
C-029,kept_for_planning,10.0,0.8896194398403168,8750.0,105.5502061411188,-87.41210196237117,81.0387861879755,0.7792388796806335,0.8387259840965271,0.9891019761562347,shallow-likelihood,0.9858325549534389,0.6358325396265302,0.2859255863087518,0.2692796747599329,0.2298929382647787,0.2105074343936784,0.069558854081801,0.775698184967041,0.1717217117547989,0.0,0.0,1.0,0.0,Low,Medium,Medium,Medium,Medium,Medium before penalty; Medium after roughness penalty; low roughness ambiguity and low threshold stability.,0.0,0.0,L-05,544.4818263116534,9
C-031,kept_for_planning,11.0,0.8886006474494934,6250.0,89.20620580763855,-87.41629263136137,81.11056710668414,0.7772012948989868,0.8279855251312256,0.9770000636577606,shallow-likelihood,0.9701000690460205,0.620100063085556,0.28835620284080504,0.265318463742733,0.2150096282362938,0.22660694867372513,0.07026620879769326,0.7354005575180054,0.12665019929409027,0.0,0.0,1.0,0.0,Low,Low,Low,Low,Low,Low before penalty; Low after roughness penalty; low roughness ambiguity and low threshold stability.,0.0,0.0,L-05,483.73546489791323,19
C-051,kept_for_planning,12.0,0.8884622156620026,7500.0,97.720502380584,-87.39913610233359,81.89458351568479,0.7769244313240051,0.8498249053955078,0.9929514477650324,shallow-likelihood,0.9908368686834971,0.6408368547757467,0.2784054254492124,0.23779942219456038,0.26109010726213455,0.21066450327634811,0.06737035140395164,0.7502073645591736,0.17128802835941315,0.0,0.0,1.0,0.0,Low,Low,Low,Low,Low,Low before penalty; Low after roughness penalty; low roughness ambiguity and low threshold stability.,0.0,0.0,L-05,1643.7830055832933,14
C-024,kept_for_planning,13.0,0.8840867877006531,5625.0,84.62843753216345,-87.45656972165081,80.68559734811808,0.7681735754013062,0.8102823495864868,0.9971799850463867,shallow-likelihood,0.9963339699639214,0.6463339593675401,0.3117169174883101,0.2747952822181914,0.2171433518330256,0.19917035433981153,0.07706459860006969,0.7896605730056763,0.20302413403987885,0.0,0.0,1.0,0.0,Low,Medium,Low,Low,Low,Medium before penalty; Low after roughness penalty; low roughness ambiguity and medium threshold stability.,0.0,0.0,L-04,285.51718289517265,15
C-056,kept_for_planning,14.0,0.8839230537414551,8125.0,101.71072362820549,-87.72352995184431,80.85725620599514,0.7678461074829102,0.8143599033355713,0.9898415299562308,shallow-likelihood,0.9867939765636737,0.6367939618917612,0.466553827890983,0.2673598172572943,0.18871326171434843,0.1896480264571997,0.12212494302254456,0.7468208074569702,0.2293158918619156,0.0,0.0,1.0,0.0,Low,Medium,Low,Low,Low,Medium before penalty; Low after roughness penalty; low roughness ambiguity and medium threshold stability.,0.0,0.0,L-04,7818.214300725645,13
C-017,kept_for_planning,15.0,0.8839167654514313,5000.0,79.78845608028654,-87.40486335886055,80.62289373292774,0.7678335309028625,0.8075891733169556,0.9860539138317108,shallow-likelihood,0.9818700850009918,0.6318700611591339,0.28172717243433,0.28281925432384014,0.19558185525238514,0.2210954036563635,0.06833704002201557,0.7514060735702515,0.14248764514923096,0.0,0.0,1.0,0.0,Low,Low,Low,Low,Low,Low before penalty; Low after roughness penalty; low roughness ambiguity and low threshold stability.,0.0,0.0,L-03,294.8119103767689,43
C-016,kept_for_planning,16.0,0.8837664723396301,5625.0,84.62843753216345,-87.44749864314161,80.45016802565665,0.7675329446792603,0.8367038369178772,0.9910621378156874,shallow-likelihood,0.9883807632658217,0.6383807526694404,0.306455565823449,0.26008324490653145,0.22791403697596657,0.204002203212844,0.07553345213333766,0.7678987979888916,0.18968307971954346,0.0,0.0,1.0,0.0,Low,Low,Low,Low,Low,Low before penalty; Low after roughness penalty; low roughness ambiguity and low threshold stability.,0.0,0.0,L-02,412.0952934264082,30
C-022,kept_for_planning,17.0,0.8831540942192078,8750.0,105.5502061411188,-87.44287141754643,80.635981089599,0.7663081884384155,0.8151025176048279,1.0,shallow-likelihood,1.0,0.6499999761581421,0.30377192156655447,0.2537036325250353,0.2690194227865764,0.1688326820731163,0.07475246116518974,0.834157407283783,0.2867884039878845,0.0,0.0,1.0,0.0,Low,High,Medium,Medium,Medium,High before penalty; Medium after roughness penalty; low roughness ambiguity and medium threshold stability.,0.0,0.0,L-05,549.3067291168584,4
C-013,kept_for_planning,18.0,0.8765291571617126,5000.0,79.78845608028654,-87.44025557205642,80.31657073181313,0.7530583143234253,0.8410464525222778,0.9661756008863449,shallow-likelihood,0.9560282677412033,0.6060282588005066,0.30225471407175064,0.2537748385220766,0.2209419161081314,0.20403065346181393,0.07431092672049999,0.7476060390472412,0.18960455060005188,0.0,0.0,1.0,0.0,Low,Low,Low,Low,Low,Low before penalty; Low after roughness penalty; low roughness ambiguity and low threshold stability.,0.0,0.0,L-02,142.31621920919625,49
C-044,kept_for_planning,19.0,0.876353919506073,5000.0,79.78845608028654,-87.38578818207894,81.62214036205805,0.752707839012146,0.8131279349327087,0.9901851862668991,shallow-likelihood,0.9872407466173172,0.6372407227754593,0.2706635035574436,0.25825013034045696,0.24416638538241386,0.1851740088313818,0.0651173135265708,0.8039652705192566,0.2416689395904541,0.0,0.0,1.0,0.0,Low,Low,Low,Low,Low,Low before penalty; Low after roughness penalty; low roughness ambiguity and low threshold stability.,0.0,0.0,L-05,1646.3323346912678,40
C-048,kept_for_planning,20.0,0.8761687576770782,5000.0,79.78845608028654,-87.3369269092905,81.89567870004812,0.7523375153541565,0.7858182787895203,0.9864968359470367,shallow-likelihood,0.9824458658695221,0.632445864379406,0.24232415482401848,0.2757237385958433,0.19963881559669971,0.2201049104332924,0.05687004840001464,0.7401145100593567,0.14522245526313782,0.0,0.0,1.0,0.0,Low,Low,Low,Low,Low,Low before penalty; Low after roughness penalty; low roughness ambiguity and low threshold stability.,0.0,0.0,L-03,2985.224028444097,31
C-033,kept_for_planning,21.0,0.8752300143241882,10625.0,116.31066229203195,-87.42876554583835,81.22760705594902,0.7504600286483765,0.8363298773765564,0.9551178322118872,shallow-likelihood,0.9416531534755931,0.5916531506706687,0.2955905760035795,0.25318177833276634,0.19943945022190318,0.22546724098570206,0.07237154157722697,0.6938923597335815,0.13041673600673676,0.0,0.0,1.0,0.0,Low,Medium,Medium,Medium,Medium,Medium before penalty; Medium after roughness penalty; low roughness ambiguity and low threshold stability.,0.0,0.0,L-05,461.31488019044144,7
C-049,kept_for_planning,22.0,0.8731935620307922,5625.0,84.62843753216345,-87.35476730563731,81.94382744215748,0.7463871240615845,0.8314120173454285,0.9825866354836358,shallow-likelihood,0.9773626062605116,0.6273626022868686,0.2526715199152629,0.25796255138185287,0.22664822969171736,0.20189497040377724,0.059881317946645946,0.7642315626144409,0.19550129771232605,0.0,0.0,1.0,0.0,Low,Low,Low,Low,Low,Low before penalty; Low after roughness penalty; low roughness ambiguity and low threshold stability.,0.0,0.0,L-03,2664.4811646065755,32
C-037,kept_for_planning,23.0,0.8730638921260834,5000.0,79.78845608028654,-87.3890312954376,81.44020160498567,0.7461277842521667,0.7878872752189636,0.9695664271712303,shallow-likelihood,0.9604363292455673,0.6104363277554512,0.27254463359713554,0.24588125012815,0.21233342215418816,0.22224836610257626,0.06566475424915552,0.6987521052360535,0.1393042504787445,0.0,0.0,1.0,0.0,Low,Low,Low,Low,Low,Low before penalty; Low after roughness penalty; low roughness ambiguity and low threshold stability.,0.0,0.0,L-05,1422.2149318932072,36
C-053,kept_for_planning,24.0,0.8724101483821869,6250.0,89.20620580763855,-87.41263880357486,81.87810483501713,0.7448202967643738,0.8085936307907104,0.9884365856647491,shallow-likelihood,0.9849675536155701,0.6349675416946411,0.2862370252609253,0.25437201410531995,0.2199731782078743,0.20082563459873198,0.06964949071407318,0.7518603801727295,0.19845379889011383,0.0,0.0,1.0,0.0,Low,Low,Low,Low,Low,Low before penalty; Low after roughness penalty; low roughness ambiguity and low threshold stability.,0.0,0.0,L-05,1436.3604178617563,27
C-047,kept_for_planning,25.0,0.8720645606517792,8125.0,101.71072362820549,-87.41702435821752,81.67449112832387,0.7441291213035583,0.7781693935394287,0.9681901473265427,shallow-likelihood,0.9586471777695876,0.6086471676826477,0.28878058378513044,0.26217127648683697,0.18778694249116457,0.2237812223342749,0.07038971265921226,0.6990141272544861,0.13507193326950073,0.0,0.0,1.0,0.0,Low,Low,Low,Low,Low,Low before penalty; Low after roughness penalty; low roughness ambiguity and low threshold stability.,0.0,0.0,L-05,1129.2539559556212,21
C-023,kept_for_planning,26.0,0.8703607022762299,8750.0,105.5502061411188,-87.35046299043985,81.05956982368916,0.7407214045524597,0.813073992729187,0.9738376012870243,shallow-likelihood,0.9659888829503741,0.6159888654947281,0.25017467992646353,0.26356849712984903,0.20347500060285842,0.21452323028019496,0.05915469330336366,0.7300246953964233,0.160633847117424,0.0,0.0,1.0,0.0,Low,Medium,Medium,Medium,Medium,Medium before penalty; Medium after roughness penalty; low roughness ambiguity and medium threshold stability.,0.0,0.0,L-03,1971.172990679326,8
C-036,kept_for_planning,27.0,0.8693384230136871,5000.0,79.78845608028654,-87.36425825338802,81.50316061292622,0.7386768460273743,0.7715758085250854,0.981310598552227,shallow-likelihood,0.9757037609815598,0.625703752040863,0.2581762485206127,0.27338728681206703,0.18920603767037392,0.2146002147346735,0.061483293771743774,0.7295149564743042,0.16042128205299377,0.0,0.0,1.0,0.0,Low,Low,Low,Low,Low,Low before penalty; Low after roughness penalty; low roughness ambiguity and low threshold stability.,0.0,0.0,L-03,2008.808726583992,47
C-014,kept_for_planning,28.0,0.8688808679580688,10625.0,116.31066229203195,-87.38297994859029,80.56000700388273,0.7377617359161377,0.8002734780311584,0.9670455631087808,shallow-likelihood,0.957159210653866,0.6071592148612527,0.26903459955664244,0.2659219512168099,0.1858432187753565,0.2213533152552212,0.06464327345876132,0.7048041224479675,0.14177554845809937,0.0,0.0,1.0,0.0,Low,Medium,Low,Low,Low,Medium before penalty; Low after roughness penalty; low roughness ambiguity and low threshold stability.,0.0,0.0,L-03,799.0153975589782,10
C-041,kept_for_planning,29.0,0.868054986000061,5000.0,79.78845608028654,-87.41092203882106,81.47332991220493,0.7361099720001221,0.7830184698104858,0.9613203555345535,shallow-likelihood,0.9497164487838745,0.5997164472937584,0.28524134680628777,0.2568473629653454,0.19155645743012428,0.218346381559968,0.06935972813516855,0.7023086547851562,0.15007787942886353,0.0,0.0,1.0,0.0,Low,Low,Low,Low,Low,Low before penalty; Low after roughness penalty; low roughness ambiguity and low threshold stability.,0.0,0.0,L-05,964.0814929247423,48
C-043,kept_for_planning,30.0,0.8668597638607025,5000.0,79.78845608028654,-87.41684022295088,81.48599618846708,0.733719527721405,0.7817984223365784,0.974208228290081,shallow-likelihood,0.9664706885814667,0.6164706870913506,0.28867389261722565,0.2562724556773901,0.19979368522763252,0.2072947397828102,0.07035866100341082,0.7200719714164734,0.18059217929840088,0.0,0.0,1.0,0.0,Low,Low,Low,Low,Low,Low before penalty; Low after roughness penalty; low roughness ambiguity and low threshold stability.,0.0,0.0,L-05,891.1237638510153,51
C-026,kept_for_planning,31.0,0.8660128712654114,5625.0,84.62843753216345,-87.46201763189752,80.69475303828796,0.7320257425308228,0.8209909200668335,1.0,shallow-likelihood,1.0,0.6499999761581421,0.3148768014378018,0.27148332364029354,0.22087377806504568,0.16168448660108778,0.07798418319887584,0.8278102278709412,0.30652502179145813,0.0,0.0,1.0,0.0,Low,Medium,Low,Low,Low,Medium before penalty; Low after roughness penalty; low roughness ambiguity and medium threshold stability.,0.0,0.0,L-04,120.72952117833763,16
C-035,kept_for_planning,32.0,0.8655800521373749,7500.0,97.720502380584,-87.35150137739903,81.51585603867726,0.7311601042747498,0.8006072640419006,0.9465976655483246,shallow-likelihood,0.9305769354104996,0.5805769388874372,0.25077734390894574,0.25319891174634296,0.19089062263568243,0.22774039953947067,0.05933007877320051,0.6799243092536926,0.12000655382871628,0.0,0.0,1.0,0.0,Low,Low,Low,Low,Low,Low before penalty; Low after roughness penalty; low roughness ambiguity and low threshold stability.,0.0,0.0,L-03,2299.9792420560852,35
C-008,kept_for_planning,33.0,0.8654477000236511,6250.0,89.20620580763855,-87.43484944333107,80.13307374326648,0.7308954000473022,0.7728534936904907,0.9828727126121521,shallow-likelihood,0.9777345061302185,0.6277345061302185,0.2991191238164902,0.24017975628376007,0.21872991621494292,0.19858733415603638,0.07339841201901436,0.7246745228767395,0.20463387668132782,0.0,0.0,1.0,0.0,Low,Low,Low,Low,Low,Low before penalty; Low after roughness penalty; low roughness ambiguity and low threshold stability.,0.0,0.0,L-02,164.50683876362064,34
C-006,kept_for_planning,34.0,0.8648136854171753,5625.0,84.62843753216345,-87.40805897792974,80.1286363116572,0.7296273708343506,0.7887451648712158,0.9679434034559462,shallow-likelihood,0.9583264059490628,0.6083264085981581,0.2835804224014282,0.257735217610995,0.19210810959339142,0.21090772416856554,0.06887637078762054,0.7078980207443237,0.1706165075302124,0.0,0.0,1.0,0.0,Low,Low,Low,Low,Low,Low before penalty; Low after roughness penalty; low roughness ambiguity and low threshold stability.,0.0,0.0,L-03,406.220915388124,45
C-034,kept_for_planning,35.0,0.8636467754840851,5625.0,84.62843753216345,-87.36822227281496,81.46707659280919,0.7272935509681702,0.7747926712036133,0.9629453553093804,shallow-likelihood,0.9518289566040039,0.601828952630361,0.26047538717587787,0.27033482326401603,0.1737435774670707,0.22106278273794386,0.06215238571166992,0.7001299858093262,0.14257772266864777,0.0,0.0,1.0,0.0,Low,Low,Low,Low,Low,Low before penalty; Low after roughness penalty; low roughness ambiguity and low threshold stability.,0.0,0.0,L-03,1891.2118069548512,44
C-032,kept_for_planning,36.0,0.8634302616119385,6875.0,93.56025796273889,-87.39934058656415,81.22479548399167,0.726860523223877,0.8066322803497314,0.9576349366794933,shallow-likelihood,0.9449253840879961,0.5949253927577626,0.27852376753633673,0.2521097809076309,0.1897709532217546,0.21757500957358966,0.06740479306741194,0.6853563189506531,0.15220768749713898,0.0,0.0,1.0,0.0,Low,Low,Low,Low,Low,Low before penalty; Low after roughness penalty; low roughness ambiguity and low threshold stability.,0.0,0.0,L-05,1003.3054872901099,39
C-010,kept_for_planning,37.0,0.8620421588420868,8125.0,101.71072362820549,-87.40827293472742,80.33327134679078,0.7240843176841736,0.7839982509613037,0.9579921364784241,shallow-likelihood,0.9453897476196289,0.5953897512876071,0.28370476686037505,0.25038768694950986,0.19270114371409783,0.21208297633207762,0.06891255539197189,0.6953494548797607,0.1668373942375183,0.0,0.0,1.0,0.0,Low,Low,Low,Low,Low,Low before penalty; Low after roughness penalty; low roughness ambiguity and low threshold stability.,0.0,0.0,L-03,125.53141477205835,28
C-019,kept_for_planning,38.0,0.86191326379776,5000.0,79.78845608028654,-87.24194884537943,81.21186625115917,0.72382652759552,0.7497058510780334,0.9957167282700539,shallow-likelihood,0.9944317489862442,0.6444317251443863,0.18723687902092934,0.26799850538372993,0.2092897705733776,0.20569959469139576,0.040838653687387705,0.7517029643058777,0.18499645590782166,0.0,0.0,1.0,0.0,Low,Low,Low,Low,Low,Low before penalty; Low after roughness penalty; low roughness ambiguity and medium threshold stability.,0.0,0.0,L-01,3323.648691573765,22
C-028,kept_for_planning,39.0,0.8606691360473633,8125.0,101.71072362820549,-87.48613737683259,80.74604939709648,0.7213382720947266,0.8216042518615723,0.9724850883850684,shallow-likelihood,0.9642306016041682,0.614230596102201,0.32886619522021365,0.2564468441101221,0.191759759416947,0.19107626722409174,0.08205534918950154,0.7297521233558655,0.22537244856357574,0.0,0.0,1.0,0.0,Low,Low,Low,Low,Low,Low before penalty; Low after roughness penalty; low roughness ambiguity and low threshold stability.,0.0,0.0,L-04,615.7691106519846,24
C-040,kept_for_planning,40.0,0.8590368628501892,5000.0,79.78845608028654,-87.25905455103037,81.93393454664114,0.7180737257003784,0.7504087686538696,0.9861391559243202,shallow-likelihood,0.9819808900356293,0.631980873644352,0.19715815223753452,0.2756371069699526,0.18997567147016525,0.20873500779271126,0.04372592410072684,0.7411915063858032,0.17661550641059875,0.0,0.0,1.0,0.0,Low,Low,Low,Low,Low,Low before penalty; Low after roughness penalty; low roughness ambiguity and low threshold stability.,0.0,0.0,L-01,4352.856910265946,38
C-027,kept_for_planning,41.0,0.8573469519615173,5000.0,79.78845608028654,-87.3698588577705,81.05572313574129,0.7146939039230347,0.7376829981803894,0.9830969348549843,shallow-likelihood,0.9780260026454926,0.6280260011553764,0.2614246532320976,0.24773365072906017,0.2030746042728424,0.20145701803267002,0.06242864113301039,0.7164585590362549,0.1967104971408844,0.0,0.0,1.0,0.0,Low,Low,Low,Low,Low,Low before penalty; Low after roughness penalty; low roughness ambiguity and low threshold stability.,0.0,0.0,L-03,1463.3577879742877,53
C-015,kept_for_planning,42.0,0.8540564477443695,5000.0,79.78845608028654,-87.45065091927363,80.43406996510863,0.708112895488739,0.7731989622116089,0.9386571869254112,shallow-likelihood,0.9202543050050735,0.5702543146908283,0.3082839511334896,0.24497373960912228,0.17496622167527676,0.21210740134119987,0.07606554310768843,0.6602426171302795,0.1673041135072708,0.0,0.0,1.0,0.0,Low,Low,Low,Low,Low,Low before penalty; Low after roughness penalty; low roughness ambiguity and low threshold stability.,0.0,0.0,L-02,465.0688793071409,55
C-012,kept_for_planning,43.0,0.8535235524177551,5000.0,79.78845608028654,-87.48594413637863,80.1125709665453,0.7070471048355103,0.8037763833999634,0.9465096592903137,shallow-likelihood,0.930462546646595,0.5804625377058983,0.3287540636956692,0.2567257545888424,0.17027845606207848,0.1980202104896307,0.08202271722257137,0.6975009441375732,0.2061997503042221,0.0,0.0,1.0,0.0,Low,Low,Low,Low,Low,Low before penalty; Low after roughness penalty; low roughness ambiguity and low threshold stability.,0.0,0.0,L-04,1010.2453677820057,56
C-057,kept_for_planning,44.0,0.8486314930021763,5625.0,84.62843753216345,-87.79440052414597,82.09787757083001,0.8357728123664856,0.9067237973213196,0.9221862355868021,shallow-likelihood,0.9255311157968309,0.8011042210790846,0.49421099821726483,0.2635136842727661,0.24899236526754168,0.19309305648008981,0.13017367985513476,0.7794984579086304,0.16264525055885315,0.11950157582759857,0.2000155746936798,0.9024940058588982,0.2000155746936798,Low,Low,Low,Low,Low,Low before penalty; Low after roughness penalty; low roughness ambiguity and low threshold stability.,0.7800479531288147,2.8624050617218018,L-04,10114.8974137832,25
C-003,kept_for_planning,45.0,0.8475621044635773,5000.0,79.78845608028654,-87.15572060315222,80.20425586960786,0.6951242089271545,0.7552468180656433,0.9599329754710197,shallow-likelihood,0.9479128569364548,0.5979128479957581,0.13722452521324158,0.2758362162858248,0.1677190139889717,0.22528482414782047,0.026284154038876295,0.6923713684082031,0.1309203803539276,0.0,0.0,1.0,0.0,Low,Low,Low,Low,Low,Low before penalty; Low after roughness penalty; low roughness ambiguity and low threshold stability.,0.0,0.0,L-01,310.9021650776977,46
C-002,kept_for_planning,46.0,0.8472746312618256,7500.0,97.720502380584,-87.14155277261261,80.08492151561076,0.6945492625236511,0.7126874327659607,0.970194935798645,shallow-likelihood,0.961253414551417,0.6112534056107203,0.12900718549887338,0.2690030261874199,0.17784177884459496,0.22381167486310005,0.023892759655912716,0.6955252289772034,0.13498784601688385,0.0,0.0,1.0,0.0,Low,Low,Low,Low,Low,Low before penalty; Low after roughness penalty; low roughness ambiguity and low threshold stability.,0.0,0.0,L-01,161.441531383829,17
C-020,kept_for_planning,47.0,0.846897691488266,5000.0,79.78845608028654,-87.21687547807966,81.28739648417982,0.693795382976532,0.7293562293052673,1.0,shallow-likelihood,1.0,0.6499999761581421,0.1726943477988243,0.2624985110014677,0.22099075093865395,0.17369962483644485,0.03660651529207826,0.7991576790809631,0.27335044741630554,0.0,0.0,1.0,0.0,Low,Low,Low,Low,Low,Low before penalty; Low after roughness penalty; low roughness ambiguity and medium threshold stability.,0.0,0.0,L-01,2764.563708797466,33
C-004,kept_for_planning,48.0,0.845189779996872,6250.0,89.20620580763855,-87.14478807027548,80.42545786204506,0.6903795599937439,0.7367668747901917,0.9658445477485657,shallow-likelihood,0.9555978894233703,0.6055978775024414,0.1308832734823227,0.2724988341331482,0.17626224756240844,0.21717973798513412,0.024438735097646713,0.713870644569397,0.15329904854297638,0.0,0.0,1.0,0.0,Low,Low,Low,Low,Low,Low before penalty; Low after roughness penalty; low roughness ambiguity and low threshold stability.,0.0,0.0,L-01,491.1275292630217,41
C-009,kept_for_planning,49.0,0.843910425901413,8125.0,101.71072362820549,-87.35761154596472,80.45766650228836,0.6878208518028259,0.7396175861358643,0.9529090111072247,shallow-likelihood,0.9387816832615778,0.5887816823445834,0.25432090346629804,0.24737341014238504,0.17599087609694555,0.20409527535621935,0.06036132000959837,0.6765723824501038,0.18942610919475555,0.0,0.0,1.0,0.0,Low,Low,Low,Low,Low,Low before penalty; Low after roughness penalty; low roughness ambiguity and low threshold stability.,0.0,0.0,L-03,1547.221454986075,37
C-046,kept_for_planning,50.0,0.8383080065250397,5625.0,84.62843753216345,-87.27721753818584,82.00359241228466,0.6766160130500793,0.7244706153869629,0.9618403381771512,shallow-likelihood,0.9503924316830106,0.6003924210866293,0.20769274234771729,0.2654886345068614,0.17164397570821974,0.1926917475130823,0.04679168057110575,0.7203065156936646,0.22091197967529297,0.0,0.0,1.0,0.0,Low,Low,Low,Low,Low,Low before penalty; Low after roughness penalty; low roughness ambiguity and low threshold stability.,0.0,0.0,L-03,4562.360263376787,52
C-001,kept_for_planning,51.0,0.8380068242549896,5625.0,84.62843753216345,-87.1450837408512,80.03427401207459,0.6760136485099792,0.7180944085121155,0.9353431661923727,shallow-likelihood,0.9159460994932387,0.5659460955195956,0.13105514314439562,0.24500267207622528,0.18142948382430607,0.22509271734290653,0.024488752293917868,0.6558823585510254,0.131450816988945,0.0,0.0,1.0,0.0,Low,Low,Low,Low,Low,Low before penalty; Low after roughness penalty; low roughness ambiguity and low threshold stability.,0.0,0.0,L-01,116.0034056545619,50
C-005,kept_for_planning,52.0,0.8262003064155579,5000.0,79.78845608028654,-87.14537382105512,80.9758695054789,0.6524006128311157,0.7113499641418457,0.9437225386500359,shallow-likelihood,0.9268392696976662,0.5768392756581306,0.1312232818454504,0.2373811285942793,0.18480502255260944,0.20567678660154343,0.024537682766094804,0.6675211191177368,0.18505945801734924,0.0,0.0,1.0,0.0,Low,Low,Low,Low,Low,Low before penalty; Low after roughness penalty; low roughness ambiguity and low threshold stability.,0.0,0.0,L-01,1319.494014054251,57
C-021,kept_for_planning,53.0,0.8142246603965759,5000.0,79.78845608028654,-87.22001132602867,81.35911922260344,0.6284493207931519,0.6472732424736023,0.9659614711999893,shallow-likelihood,0.9557498842477798,0.6057498827576637,0.1745130456984043,0.2294212505221367,0.18844091147184372,0.1734513845294714,0.03713578777387738,0.6960350871086121,0.27403587102890015,0.0,0.0,1.0,0.0,Low,Low,Low,Low,Low,Low before penalty; Low after roughness penalty; low roughness ambiguity and low threshold stability.,0.0,0.0,L-01,2905.5123391796155,54
C-007,excluded_high_ambiguity,,0.8336248099803925,7500.0,97.720502380584,-87.24690033718612,80.72258513442073,0.6672496199607849,0.7297813296318054,1.0,shallow-likelihood,1.0,0.6499999761581421,0.19010840728878975,0.28102691223224,0.1993625101943811,0.14518583193421364,0.041674320896466575,0.8380821347236633,0.3520788848400116,0.0,0.0,1.0,0.0,Medium,Medium,Low,Low,Low,Medium before penalty; Low after roughness penalty; medium roughness ambiguity and medium threshold stability.,0.0,0.0,L-01,3173.361891503148,12
C-018,excluded_high_ambiguity,,0.873788058757782,6250.0,89.20620580763855,-87.41977846775649,80.62383788036624,0.747576117515564,0.8086436986923218,1.0,shallow-likelihood,1.0,0.6499999761581421,0.2903778403997421,0.26100636422634127,0.25926819145679475,0.15644706413149834,0.0708545409142971,0.8591326475143433,0.32098588347435,0.0,0.0,1.0,0.0,Medium,Medium,Low,Low,Low,Medium before penalty; Low after roughness penalty; medium roughness ambiguity and medium threshold stability.,0.0,0.0,L-03,435.5743334954441,23
C-054,excluded_high_ambiguity,,0.8449589014053345,5625.0,84.62843753216345,-87.34729214287526,82.08853700200355,0.689917802810669,0.7779601812362671,1.0,shallow-likelihood,1.0,0.6499999761581421,0.2483359177907308,0.25755637056297725,0.24282970362239414,0.13091211517651877,0.0586195799211661,0.8626522421836853,0.39148953557014465,0.0,0.0,1.0,0.0,Medium,Medium,Low,Low,Low,Medium before penalty; Low after roughness penalty; medium roughness ambiguity and medium threshold stability.,0.0,0.0,L-03,2965.0016134736306,26
C-039,excluded_high_ambiguity,,0.8498463034629822,5000.0,79.78845608028654,-87.44774660568729,81.31188868671367,0.6996926069259644,0.7787843346595764,0.997736394405365,shallow-likelihood,0.997057318687439,0.647057294845581,0.30659954622387886,0.2592515405267477,0.20527120865881443,0.15959449484944344,0.07557535078376532,0.7905458211898804,0.3122956454753876,0.0,0.0,1.0,0.0,Medium,Low,Low,Low,Low,Low before penalty; Low after roughness penalty; medium roughness ambiguity and medium threshold stability.,0.0,0.0,L-05,813.7970416510494,42
