route_type,step,row,col,distance_m,step_distance_m,slope_deg,texture_risk_proxy,science_reward_proxy,step_energy_proxy,cumulative_energy_proxy
shortest,0,60,784,0.0,0.0,0.0,0.0,0.6139333844184875,0.0,0.0
shortest,1,60,783,25.0,25.0,0.0,0.012505616992712021,0.7572042942047119,25.056275276467204,25.056275276467204
shortest,2,60,782,50.0,25.0,0.0,0.017560668289661407,0.505046546459198,25.079023007303476,50.13529828377068
shortest,3,60,781,75.0,25.0,0.0,0.02067294530570507,0.5832206010818481,25.093028253875673,75.22832653764635
shortest,4,60,780,100.0,25.0,0.0,0.011969256214797497,0.4935967028141022,25.053861652966592,100.28218819061294
shortest,5,60,779,125.0,25.0,0.0,0.002491933759301901,0.8190687894821167,25.01121370191686,125.2934018925298
shortest,6,60,778,150.0,25.0,0.0,0.012460948899388313,0.7535414099693298,25.056074270047247,150.34947616257705
shortest,7,60,777,175.0,25.0,0.0,0.0,0.34178492426872253,25.0,175.34947616257705
shortest,8,60,776,200.0,25.0,0.0,0.0,0.29375001788139343,25.0,200.34947616257705
shortest,9,60,775,225.0,25.0,0.0,0.023455394431948662,0.6576858758926392,25.105549274943765,225.45502543752082
shortest,10,60,774,250.0,25.0,0.0,0.0,0.5033494830131531,25.0,250.45502543752082
shortest,11,60,773,275.0,25.0,0.0,0.0,0.938996434211731,25.0,275.4550254375208
shortest,12,60,772,300.0,25.0,0.0,0.0,0.59796541929245,25.0,300.4550254375208
shortest,13,60,771,325.0,25.0,0.0,0.0,0.4870230257511139,25.0,325.4550254375208
shortest,14,60,770,350.0,25.0,0.0,0.0,0.6790593266487122,25.0,350.4550254375208
shortest,15,60,769,375.0,25.0,0.0,0.0,0.830349326133728,25.0,375.4550254375208
shortest,16,61,768,410.3553390593274,35.35533905932738,0.0,0.0,0.3604227602481842,35.35533905932738,410.8103644968482
shortest,17,62,767,445.71067811865476,35.35533905932738,0.0,0.0,0.48759374022483826,35.35533905932738,446.1657035561756
shortest,18,63,766,481.06601717798213,35.35533905932738,0.0,0.0,0.19284190237522125,35.35533905932738,481.52104261550295
shortest,19,64,765,516.4213562373095,35.35533905932738,0.0,0.0,0.5688078999519348,35.35533905932738,516.8763816748303
shortest,20,65,764,551.776695296637,35.35533905932738,0.0,0.0,0.41299498081207275,35.35533905932738,552.2317207341578
shortest,21,66,763,587.1320343559644,35.35533905932738,0.0,0.0,0.5000309348106384,35.35533905932738,587.5870597934852
shortest,22,67,762,622.4873734152918,35.35533905932738,0.0,0.0,0.5673785209655762,35.35533905932738,622.9423988528126
shortest,23,68,761,657.8427124746192,35.35533905932738,0.0,0.0,0.18394355475902557,35.35533905932738,658.2977379121401
shortest,24,69,760,693.1980515339467,35.35533905932738,0.0,0.0,0.36313799023628235,35.35533905932738,693.6530769714675
shortest,25,69,759,718.1980515339467,25.0,0.0,0.007738905027508736,0.6409218907356262,25.03482507262379,718.6879020440913
shortest,26,70,758,753.5533905932741,35.35533905932738,0.0,0.015352443791925907,0.2543276250362396,35.453041413344884,754.1409434574362
shortest,27,71,757,788.9087296526016,35.35533905932738,0.0,0.0,0.24549870193004608,35.35533905932738,789.4962825167636
shortest,28,72,756,824.264068711929,35.35533905932738,0.0,0.00945526547729969,0.6169184446334839,35.415512000359634,824.9117945171232
shortest,29,73,755,859.6194077712564,35.35533905932738,0.0,0.01817651093006134,0.23005035519599915,35.47101366656,860.3828081836832
shortest,30,74,754,894.9747468305839,35.35533905932738,0.0,0.010534899309277534,0.42393022775650024,35.42238274799375,895.805190931677
shortest,31,75,753,930.3300858899113,35.35533905932738,0.0,0.003226785222068429,0.2889368534088135,35.37587419473499,931.181065126412
shortest,32,76,752,965.6854249492387,35.35533905932738,0.0,0.002767686964944005,0.5127772688865662,35.3729525113174,966.5540176377294
shortest,33,77,751,1001.0407640085662,35.35533905932738,0.0,0.00041658440022729337,0.5361417531967163,35.35799018621641,1001.9120078239458
shortest,34,78,750,1036.3961030678936,35.35533905932738,0.0,0.0,0.37429875135421753,35.35533905932738,1037.2673468832731
shortest,35,79,749,1071.751442127221,35.35533905932738,0.0,0.0,0.3473258912563324,35.35533905932738,1072.6226859426006
shortest,36,80,748,1107.1067811865485,35.35533905932738,0.0,0.0,0.365933358669281,35.35533905932738,1107.978025001928
shortest,37,81,747,1142.462120245876,35.35533905932738,0.0,0.0,0.409359872341156,35.35533905932738,1143.3333640612555
shortest,38,82,746,1177.8174593052033,35.35533905932738,0.0,0.0,0.2995486259460449,35.35533905932738,1178.6887031205829
shortest,39,83,745,1213.1727983645308,35.35533905932738,0.0,0.0009250652510672808,0.5464510917663574,35.361226138536004,1214.049929259119
shortest,40,83,744,1238.1727983645308,25.0,0.0,0.012505616992712021,0.43937042355537415,25.056275276467204,1239.1062045355861
shortest,41,83,743,1263.1727983645308,25.0,0.0,0.009004422463476658,0.315357506275177,25.040519901085645,1264.1467244366718
shortest,42,84,742,1298.5281374238582,35.35533905932738,0.0,0.07594067603349686,0.5051867365837097,35.83862256224797,1299.9853469989198
shortest,43,84,741,1323.5281374238582,25.0,0.0,0.0852508470416069,0.33332881331443787,25.38362881168723,1325.368975810607
shortest,44,84,740,1348.5281374238582,25.0,0.0,0.06880850344896317,0.19544440507888794,25.309638265520334,1350.6786140761274
shortest,45,84,739,1373.5281374238582,25.0,0.0,0.08056557923555374,0.5371837615966797,25.362545106559992,1376.0411591826874
shortest,46,84,738,1398.5281374238582,25.0,0.0,0.07271414995193481,0.46024882793426514,25.327213674783707,1401.368372857471
shortest,47,84,737,1423.5281374238582,25.0,0.0,0.09717464447021484,0.39797326922416687,25.43728590011597,1426.805658757587
shortest,48,84,736,1448.5281374238582,25.0,0.0,0.10476873070001602,0.19162262976169586,25.471459288150072,1452.277118045737
shortest,49,84,735,1473.5281374238582,25.0,0.0,0.09468601644039154,0.5482197999954224,25.426087073981762,1477.7032051197189
shortest,50,84,734,1498.5281374238582,25.0,0.0,0.08543570339679718,0.33631932735443115,25.384460665285584,1503.0876657850044
shortest,51,84,733,1523.5281374238582,25.0,0.0,0.027117982506752014,0.5689163208007812,25.122030921280388,1528.2096967062848
shortest,52,84,732,1548.5281374238582,25.0,0.0,0.015883686020970345,0.20530223846435547,25.071476587094367,1553.2811732933792
shortest,53,84,731,1573.5281374238582,25.0,0.0,0.013709443621337414,0.16430018842220306,25.06169249629602,1578.3428657896752
shortest,54,84,730,1598.5281374238582,25.0,0.0,0.0,0.5112875699996948,25.0,1603.3428657896752
shortest,55,84,729,1623.5281374238582,25.0,0.0,0.002675790572538972,0.4191950857639313,25.012041057576422,1628.3549068472516
shortest,56,84,728,1648.5281374238582,25.0,0.0,0.0,0.23290173709392548,25.0,1653.3549068472516
shortest,57,84,727,1673.5281374238582,25.0,0.0,0.0,0.24412180483341217,25.0,1678.3549068472516
shortest,58,84,726,1698.5281374238582,25.0,0.0,0.003226785222068429,0.48390233516693115,25.014520533499308,1703.369427380751
shortest,59,84,725,1723.5281374238582,25.0,0.0,0.0,0.16507449746131897,25.0,1728.369427380751
shortest,60,84,724,1748.5281374238582,25.0,0.0,0.0,0.4936661124229431,25.0,1753.369427380751
shortest,61,84,723,1773.5281374238582,25.0,0.0,0.0,0.27842071652412415,25.0,1778.369427380751
shortest,62,84,722,1798.5281374238582,25.0,0.0,0.0,0.48621925711631775,25.0,1803.369427380751
shortest,63,84,721,1823.5281374238582,25.0,0.0,0.009725493378937244,0.12478084117174149,25.043764720205218,1828.4131921009562
shortest,64,84,720,1848.5281374238582,25.0,0.0,0.015352443791925907,0.655687153339386,25.069085997063667,1853.4822780980198
shortest,65,85,719,1883.8834764831856,35.35533905932738,0.0,0.015662435442209244,0.5380546450614929,35.45501418812712,1888.9372922861469
shortest,66,86,718,1919.238815542513,35.35533905932738,0.0,0.0,0.7809893488883972,35.35533905932738,1924.2926313454743
shortest,67,87,717,1954.5941546018405,35.35533905932738,0.0,0.0,0.5101746320724487,35.35533905932738,1959.6479704048018
shortest,68,88,716,1989.949493661168,35.35533905932738,0.0,0.0,0.3374881446361542,35.35533905932738,1995.0033094641292
shortest,69,89,715,2025.3048327204954,35.35533905932738,0.0,0.0,0.6867156624794006,35.35533905932738,2030.3586485234566
shortest,70,90,714,2060.6601717798226,35.35533905932738,0.0,0.026946477591991425,0.5703752636909485,35.52682539263687,2065.8854739160934
shortest,71,91,713,2096.01551083915,35.35533905932738,0.0,0.05419471114873886,0.11911224573850632,35.70023208914685,2101.5857060052404
shortest,72,92,712,2131.3708498984774,35.35533905932738,0.0,0.05114971473813057,0.5666694045066833,35.68085385065118,2137.2665598558915
shortest,73,93,711,2166.726188957805,35.35533905932738,0.0,0.02457965351641178,0.5471979379653931,35.51176301645341,2172.7783228723447
shortest,74,94,710,2202.0815280171323,35.35533905932738,0.0,0.05231441929936409,0.3283390700817108,35.68826598509113,2208.466588857436
shortest,75,95,709,2237.4368670764597,35.35533905932738,0.0,0.07880440354347229,0.1392412930727005,35.85684721252393,2244.32343606996
shortest,76,96,708,2272.792206135787,35.35533905932738,0.0,0.19859559834003448,0.4145325720310211,36.61919370802772,2280.9426297779873
shortest,77,97,707,2308.1475451951146,35.35533905932738,0.0,0.22244392335414886,0.5544861555099487,36.770963519064516,2317.713593297052
shortest,78,98,706,2343.502884254442,35.35533905932738,0.0,0.2486073076725006,0.5229449272155762,36.937466277297176,2354.651059574349
shortest,79,99,705,2378.8582233137695,35.35533905932738,0.0,0.25944310426712036,0.5596007108688354,37.0064248645617,2391.6574844389106
shortest,80,100,704,2414.213562373097,35.35533905932738,0.0,0.20248903334140778,0.4606010913848877,36.64397137665195,2428.3014558155623
shortest,81,101,703,2449.5689014324244,35.35533905932738,0.0,0.09979216009378433,0.9623463749885559,35.990412477331496,2464.291868292894
shortest,82,102,702,2484.924240491752,35.35533905932738,0.0,0.07248547673225403,0.47502684593200684,35.816633808541624,2500.1085021014355
shortest,83,103,701,2520.279579551079,35.35533905932738,0.0,0.045640405267477036,0.22204460203647614,35.645792819873996,2535.7542949213093
shortest,84,104,700,2555.6349186104067,35.35533905932738,0.0,0.007512448821216822,0.3819509446620941,35.40314799087057,2571.1574429121797
shortest,85,105,699,2590.990257669734,35.35533905932738,0.0,0.034671198576688766,0.42945176362991333,35.57598521595636,2606.733428128136
shortest,86,106,698,2626.3455967290615,35.35533905932738,0.0,0.009320065379142761,0.5050438046455383,35.414651592203626,2642.1480797203394
shortest,87,107,697,2661.700935788389,35.35533905932738,0.0,0.018571848049759865,0.43644246459007263,35.473529576583736,2677.621609296923
shortest,88,108,696,2697.0562748477164,35.35533905932738,0.0,0.044455353170633316,0.7367478609085083,35.63825119451036,2713.2598604914333
shortest,89,109,695,2732.411613907044,35.35533905932738,0.0,0.04252689331769943,0.5675104856491089,35.62597855115706,2748.8858390425903
shortest,90,110,694,2767.7669529663713,35.35533905932738,0.0,0.07567594945430756,0.6254386305809021,35.83693785261422,2784.7227768952043
shortest,91,111,693,2803.1222920256987,35.35533905932738,0.0,0.08937232196331024,0.3780342638492584,35.92410103352317,2820.6468779287275
shortest,92,112,692,2838.477631085026,35.35533905932738,0.0,0.09349068254232407,0.40762028098106384,35.9503101197583,2856.597188048486
shortest,93,113,691,2873.8329701443536,35.35533905932738,0.0,0.1376229077577591,0.4830211102962494,36.23116588122648,2892.828353929712
shortest,94,114,690,2909.188309203681,35.35533905932738,0.0,0.13788604736328125,0.4530152380466461,36.232840491421655,2929.0611944211337
shortest,95,115,689,2944.5436482630084,35.35533905932738,0.0,0.08276597410440445,0.384024053812027,35.88205849319399,2964.943252914328
shortest,96,116,688,2979.898987322336,35.35533905932738,0.0,0.09879004210233688,0.6395090818405151,35.98403503748578,3000.9272879518135
shortest,97,117,687,3015.2543263816633,35.35533905932738,0.0,0.09936296194791794,0.6872058510780334,35.98768107705676,3036.91496902887
shortest,98,118,686,3050.6096654409907,35.35533905932738,0.0,0.0757894366979599,0.5846889615058899,35.8376600810103,3072.75262910988
shortest,99,119,685,3085.965004500318,35.35533905932738,0.0,0.03167692571878433,0.5859683156013489,35.556929780173434,3108.3095588900537
shortest,100,120,684,3121.3203435596456,35.35533905932738,0.0,0.00528511218726635,0.3988902270793915,35.388973307329906,3143.6985321973834
shortest,101,121,683,3156.675682618973,35.35533905932738,0.0,0.0025838727597147226,0.42875975370407104,35.37178272487843,3179.070314922262
shortest,102,121,682,3181.675682618973,25.0,0.0,0.0,0.5215902328491211,25.0,3204.070314922262
shortest,103,122,681,3217.0310216783005,35.35533905932738,0.0,0.0,0.9575784802436829,35.35533905932738,3239.425653981589
shortest,104,123,680,3252.386360737628,35.35533905932738,0.0,0.0,0.6990893483161926,35.35533905932738,3274.7809930409167
shortest,105,124,679,3287.7416997969553,35.35533905932738,0.0,0.0,0.5377894639968872,35.35533905932738,3310.136332100244
shortest,106,124,678,3312.7416997969553,25.0,0.0,0.0,0.6231503486633301,25.0,3335.136332100244
shortest,107,125,677,3348.097038856283,35.35533905932738,0.0,0.010534899309277534,0.7011862993240356,35.42238274799375,3370.5587148482377
shortest,108,126,676,3383.45237791561,35.35533905932738,0.0,0.020017681643366814,0.38000547885894775,35.482730805230304,3406.041445653468
shortest,109,127,675,3418.8077169749376,35.35533905932738,0.0,0.04025768116116524,0.82911217212677,35.61153737342253,3441.6529830268905
shortest,110,127,674,3443.8077169749376,25.0,0.0,0.044455353170633316,0.8608545064926147,25.20004908926785,3466.8530321161584
shortest,111,127,673,3468.8077169749376,25.0,0.0,0.04506876319646835,0.6265588998794556,25.20280943438411,3492.0558415505425
shortest,112,128,672,3504.163056034265,35.35533905932738,0.0,0.032480571419000626,0.8826054930686951,35.562044150092085,3527.6178857006344
shortest,113,128,671,3529.163056034265,25.0,0.0,0.03847406432032585,0.34490644931793213,25.17313328944147,3552.791018990076
shortest,114,128,670,3554.163056034265,25.0,0.0,0.05590708181262016,0.631452739238739,25.25158186815679,3578.0426008582326
shortest,115,128,669,3579.163056034265,25.0,0.0,0.015219527296721935,0.9452263712882996,25.06848787283525,3603.111088731068
shortest,116,129,668,3614.5183950935925,35.35533905932738,0.0,0.002767686964944005,0.39589184522628784,35.3729525113174,3638.484041242385
shortest,117,129,667,3639.5183950935925,25.0,0.0,0.026989353820681572,0.698819637298584,25.12145209219307,3663.605493334578
shortest,118,129,666,3664.5183950935925,25.0,0.0,0.05848150700330734,0.730263888835907,25.263166781514883,3688.868660116093
shortest,119,129,665,3689.5183950935925,25.0,0.0,0.05812603607773781,0.3741016685962677,25.26156716234982,3714.130227278443
shortest,120,129,664,3714.5183950935925,25.0,0.0,0.060529083013534546,0.6336102485656738,25.272380873560905,3739.4026081520037
shortest,121,129,663,3739.5183950935925,25.0,0.0,0.05135078355669975,0.762119472026825,25.231078526005145,3764.633686678009
shortest,122,129,662,3764.5183950935925,25.0,0.0,0.035216815769672394,0.7866971492767334,25.158475670963526,3789.7921623489724
shortest,123,129,661,3789.5183950935925,25.0,0.0,0.0383908711373806,0.5644537210464478,25.17275892011821,3814.9649212690906
shortest,124,129,660,3814.5183950935925,25.0,0.0,0.05993951857089996,0.2722708582878113,25.26972783356905,3840.2346491026597
shortest,125,129,659,3839.5183950935925,25.0,0.0,0.05507173761725426,0.4306198060512543,25.247822819277644,3865.4824719219373
shortest,126,129,658,3864.5183950935925,25.0,0.0,0.03378807008266449,0.21090887486934662,25.15204631537199,3890.6345182373093
shortest,127,129,657,3889.5183950935925,25.0,0.0,0.0,0.46547558903694153,25.0,3915.6345182373093
shortest,128,129,656,3914.5183950935925,25.0,0.0,0.025097370147705078,0.5663716793060303,25.112938165664673,3940.747456402974
shortest,129,129,655,3939.5183950935925,25.0,0.0,0.016060588881373405,0.43282705545425415,25.07227264996618,3965.81972905294
shortest,130,129,654,3964.5183950935925,25.0,0.0,0.032776229083538055,0.3436906039714813,25.14749303087592,3990.967222083816
shortest,131,129,653,3989.5183950935925,25.0,0.0,0.04783734679222107,0.5422335863113403,25.215268060564995,4016.182490144381
shortest,132,129,652,4014.5183950935925,25.0,0.0,0.04334871098399162,0.4638676047325134,25.195069199427962,4041.377559343809
shortest,133,130,651,4049.87373415292,35.35533905932738,0.0,0.03534262999892235,0.49780747294425964,35.580258179362225,4076.9578175231713
shortest,134,131,650,4085.2290732122474,35.35533905932738,0.0,0.034755200147628784,0.4509502649307251,35.57651979868034,4112.534337321852
shortest,135,131,649,4110.229073212247,25.0,0.0,0.0622534416615963,0.5451996326446533,25.280140487477183,4137.814477809329
shortest,136,131,648,4135.229073212247,25.0,0.0,0.051993463188409805,0.41371411085128784,25.233970584347844,4163.048448393677
shortest,137,131,647,4160.229073212247,25.0,0.0,0.030319426208734512,0.6694070100784302,25.136437417939305,4188.184885811616
shortest,138,131,646,4185.229073212247,25.0,0.0,0.03576166555285454,0.6166457533836365,25.160927494987845,4213.345813306604
shortest,139,131,645,4210.229073212247,25.0,0.0,0.04848591238260269,0.8636178970336914,25.21818660572171,4238.563999912326
shortest,140,131,644,4235.229073212247,25.0,0.0,0.030701732262969017,0.5221071839332581,25.138157795183357,4263.702157707509
shortest,141,131,643,4260.229073212247,25.0,0.0,0.06404823809862137,0.7022178173065186,25.288217071443796,4288.990374778953
shortest,142,131,642,4285.229073212247,25.0,0.0,0.06397037953138351,0.49192509055137634,25.287866707891226,4314.278241486844
shortest,143,131,641,4310.229073212247,25.0,0.0,0.060332659631967545,0.4180024564266205,25.271496968343854,4339.549738455188
shortest,144,131,640,4335.229073212247,25.0,0.0,0.029723934829235077,0.7263374328613281,25.133757706731558,4364.68349616192
shortest,145,131,639,4360.229073212247,25.0,0.0,0.029979273676872253,0.6405529379844666,25.134906731545925,4389.818402893466
shortest,146,131,638,4385.229073212247,25.0,0.0,0.02797444723546505,0.7048196792602539,25.12588501255959,4414.944287906025
shortest,147,131,637,4410.229073212247,25.0,0.0,0.03256508708000183,0.5294071435928345,25.14654289186001,4440.090830797885
shortest,148,131,636,4435.229073212247,25.0,0.0,0.03370385244488716,0.7025039792060852,25.151667336001992,4465.242498133887
shortest,149,131,635,4460.229073212247,25.0,0.0,0.03517487645149231,0.5323002338409424,25.158286944031715,4490.400785077919
shortest,150,131,634,4485.229073212247,25.0,0.0,0.0,0.3924434185028076,25.0,4515.400785077919
shortest,151,132,633,4520.584412271574,35.35533905932738,0.0,0.0,0.8215379118919373,35.35533905932738,4550.756124137246
shortest,152,133,632,4555.939751330901,35.35533905932738,0.0,0.0,0.41077178716659546,35.35533905932738,4586.111463196573
shortest,153,133,631,4580.939751330901,25.0,0.0,0.0,0.38981375098228455,25.0,4611.111463196573
shortest,154,133,630,4605.939751330901,25.0,0.0,0.009995508939027786,0.4880385398864746,25.044979790225625,4636.1564429867985
shortest,155,133,629,4630.939751330901,25.0,0.0,0.009274992160499096,0.5258733034133911,25.041737464722246,4661.198180451521
shortest,156,133,628,4655.939751330901,25.0,0.0,0.0,0.481947124004364,25.0,4686.198180451521
shortest,157,134,627,4691.295090390228,35.35533905932738,0.0,0.012773498892784119,0.3199111819267273,35.43662910850648,4721.634809560027
shortest,158,135,626,4726.650429449555,35.35533905932738,0.0,0.06416504830121994,0.3463113605976105,35.763682926247974,4757.398492486275
shortest,159,136,625,4762.005768508882,35.35533905932738,0.0,0.12657058238983154,0.650934100151062,36.1608293132866,4793.559321799562
shortest,160,137,624,4797.361107568209,35.35533905932738,0.0,0.12369836866855621,0.4038297235965729,36.14255065709263,4829.701872456654
shortest,161,137,623,4822.361107568209,25.0,0.0,0.1326947957277298,0.6931527853012085,25.59712658077478,4855.298999037429
shortest,162,137,622,4847.361107568209,25.0,0.0,0.1201254203915596,0.6770796179771423,25.540564391762015,4880.839563429191
shortest,163,137,621,4872.361107568209,25.0,0.0,0.09609436988830566,0.8783596754074097,25.432424664497375,4906.271988093688
shortest,164,138,620,4907.716446627536,35.35533905932738,0.0,0.03433500975370407,0.22545047104358673,35.57384572338793,4941.845833817077
shortest,165,139,619,4943.071785686863,35.35533905932738,0.0,0.06896239519119263,0.46135202050209045,35.79421305490641,4977.640046871983
shortest,166,139,618,4968.071785686863,25.0,0.0,0.12471413612365723,0.312581330537796,25.561213612556454,5003.2012604845395
shortest,167,139,617,4993.071785686863,25.0,0.0,0.10075634717941284,0.5110325813293457,25.453403562307358,5028.654664046847
shortest,168,139,616,5018.071785686863,25.0,0.0,0.05907324329018593,0.45495447516441345,25.26582959480584,5053.920493641653
shortest,169,139,615,5043.071785686863,25.0,0.0,0.08235661685466766,0.38469159603118896,25.370604775846004,5079.291098417499
shortest,170,139,614,5068.071785686863,25.0,0.0,0.07552458345890045,0.22989197075366974,25.339860625565052,5104.630959043064
shortest,171,139,613,5093.071785686863,25.0,0.0,0.11951008439064026,0.8951096534729004,25.53779537975788,5130.168754422822
shortest,172,139,612,5118.071785686863,25.0,0.0,0.12376612424850464,0.5923466682434082,25.55694755911827,5155.72570198194
shortest,173,139,611,5143.071785686863,25.0,0.0,0.12318961322307587,0.34921276569366455,25.55435325950384,5181.280055241444
shortest,174,139,610,5168.071785686863,25.0,0.0,0.11268624663352966,0.510929524898529,25.507088109850883,5206.787143351295
shortest,175,139,609,5193.071785686863,25.0,0.0,0.07745040208101273,0.4895154535770416,25.348526809364557,5232.135670160659
shortest,176,140,608,5228.42712474619,35.35533905932738,0.0,0.05191321298480034,0.9034923911094666,35.68571272373998,5267.821382884399
shortest,177,140,607,5253.42712474619,25.0,0.0,0.0969228446483612,0.8457528352737427,25.43615280091763,5293.257535685317
shortest,178,140,606,5278.42712474619,25.0,0.0,0.14877764880657196,0.3347149193286896,25.66949941962957,5318.927035104946
shortest,179,140,605,5303.42712474619,25.0,0.0,0.17026042938232422,0.4106488525867462,25.76617193222046,5344.693207037167
shortest,180,140,604,5328.42712474619,25.0,0.0,0.14389878511428833,0.5239907503128052,25.647544533014297,5370.340751570181
shortest,181,140,603,5353.42712474619,25.0,0.0,0.14590799808502197,0.4404102861881256,25.656585991382595,5395.997337561564
shortest,182,140,602,5378.42712474619,25.0,0.0,0.14044417440891266,0.6292175650596619,25.631998784840103,5421.629336346404
shortest,183,140,601,5403.42712474619,25.0,0.0,0.14181596040725708,0.9286924004554749,25.638171821832657,5447.267508168236
shortest,184,140,600,5428.42712474619,25.0,0.0,0.14597268402576447,0.3795289099216461,25.65687707811594,5472.924385246352
shortest,185,140,599,5453.42712474619,25.0,0.0,0.15703395009040833,0.3799835443496704,25.706652775406834,5498.631038021759
shortest,186,140,598,5478.42712474619,25.0,0.0,0.12332532554864883,0.36588913202285767,25.55496396496892,5524.186001986728
shortest,187,140,597,5503.42712474619,25.0,0.0,0.05713697522878647,0.9543276429176331,25.25711638852954,5549.443118375258
shortest,188,141,596,5538.782463805517,35.35533905932738,0.0,0.05634395405650139,0.5457020998001099,35.713909787257315,5585.157028162515
shortest,189,142,595,5574.137802864844,35.35533905932738,0.0,0.05614544078707695,0.6051953434944153,35.71264645654663,5620.869674619062
shortest,190,142,594,5599.137802864844,25.0,0.0,0.06194046512246132,0.8425319790840149,25.278732093051076,5646.148406712113
shortest,191,142,593,5624.137802864844,25.0,0.0,0.07088086754083633,0.38304805755615234,25.31896390393376,5671.4673706160465
shortest,192,142,592,5649.137802864844,25.0,0.0,0.08962859958410263,0.3301253318786621,25.403328698128462,5696.870699314175
shortest,193,142,591,5674.137802864844,25.0,0.0,0.06633865088224411,0.32292234897613525,25.298523928970095,5722.169223243145
shortest,194,142,590,5699.137802864844,25.0,0.0,0.05546974390745163,0.1812700480222702,25.24961384758353,5747.418837090729
shortest,195,142,589,5724.137802864844,25.0,0.0,0.0706128180027008,0.9749665856361389,25.317757681012154,5772.736594771741
shortest,196,142,588,5749.137802864844,25.0,0.0,0.07080429047346115,0.4832736551761627,25.318619307130575,5798.055214078871
shortest,197,142,587,5774.137802864844,25.0,0.0,0.08243107050657272,0.6479694843292236,25.370939817279574,5823.426153896151
shortest,198,142,586,5799.137802864844,25.0,0.0,0.05311563238501549,0.2260574847459793,25.23902034573257,5848.6651742418835
shortest,199,142,585,5824.137802864844,25.0,0.0,0.08447356522083282,0.4988849461078644,25.380131043493748,5874.045305285377
shortest,200,142,584,5849.137802864844,25.0,0.0,0.09068869054317474,0.48642629384994507,25.408099107444286,5899.4534043928215
shortest,201,142,583,5874.137802864844,25.0,0.0,0.07831595093011856,0.5895243287086487,25.352421779185537,5924.805826172007
shortest,202,142,582,5899.137802864844,25.0,0.0,0.09334558248519897,0.35598233342170715,25.420055121183395,5950.2258812931905
shortest,203,142,581,5924.137802864844,25.0,0.0,0.09258293360471725,0.45446720719337463,25.416623201221228,5975.642504494412
shortest,204,142,580,5949.137802864844,25.0,0.0,0.11098146438598633,0.20531313121318817,25.49941658973694,6001.141921084149
shortest,205,142,579,5974.137802864844,25.0,0.0,0.11479952186346054,0.5983458161354065,25.516597848385576,6026.658518932534
shortest,206,142,578,5999.137802864844,25.0,0.0,0.11452293395996094,0.7893011569976807,25.515353202819824,6052.173872135354
shortest,207,142,577,6024.137802864844,25.0,0.0,0.11748743057250977,0.6585703492164612,25.528693437576294,6077.70256557293
shortest,208,142,576,6049.137802864844,25.0,0.0,0.08775794506072998,0.6197835206985474,25.394910752773285,6103.097476325704
shortest,209,143,575,6084.493141924171,35.35533905932738,0.0,0.12176219373941422,0.6419867277145386,36.130228915294985,6139.227705240998
shortest,210,144,574,6119.848480983498,35.35533905932738,0.0,0.09972065687179565,0.6519677639007568,35.98995743361319,6175.217662674611
shortest,211,145,573,6155.203820042825,35.35533905932738,0.0,0.08064036816358566,0.3773019015789032,35.86853121982004,6211.086193894432
shortest,212,146,572,6190.559159102152,35.35533905932738,0.0,0.06742105633020401,0.47779297828674316,35.78440403446,6246.870597928892
shortest,213,146,571,6215.559159102152,25.0,0.0,0.09490296244621277,0.9021319150924683,25.42706333100796,6272.2976612598995
shortest,214,147,570,6250.914498161479,35.35533905932738,0.0,0.11621435731649399,0.6308271884918213,36.09492270049495,6308.392583960394
shortest,215,148,569,6286.269837220806,35.35533905932738,0.0,0.12200041860342026,0.42622703313827515,36.13174496904606,6344.52432892944
shortest,216,149,568,6321.625176280133,35.35533905932738,0.0,0.08852921426296234,0.78740394115448,35.91873552897349,6380.443064458414
shortest,217,150,567,6356.98051533946,35.35533905932738,0.0,0.06707344204187393,1.0,35.782191830675366,6416.225256289089
shortest,218,151,566,6392.335854398787,35.35533905932738,0.0,0.0123269222676754,0.6449965834617615,35.43378711226707,6451.659043401356
shortest,219,152,565,6427.691193458114,35.35533905932738,0.0,0.022110309451818466,0.8219492435455322,35.496048207055004,6487.155091608411
shortest,220,153,564,6463.046532517441,35.35533905932738,0.0,0.0,0.576738715171814,35.35533905932738,6522.510430667738
shortest,221,153,563,6488.046532517441,25.0,0.0,0.029979273676872253,0.6707140207290649,25.134906731545925,6547.645337399284
shortest,222,153,562,6513.046532517441,25.0,0.0,0.05804702267050743,0.9940845966339111,25.261211602017287,6572.906549001301
shortest,223,153,561,6538.046532517441,25.0,0.0,0.05634395405650139,0.5641317963600159,25.253547793254256,6598.160096794555
shortest,224,153,560,6563.046532517441,25.0,0.0,0.05475304275751114,0.7067891955375671,25.2463886924088,6623.406485486964
shortest,225,153,559,6588.046532517441,25.0,0.0,0.037641577422618866,0.4047965109348297,25.169387098401785,6648.575872585366
shortest,226,154,558,6623.401871576768,35.35533905932738,0.0,0.0411670058965683,0.5469768643379211,35.617324280602865,6684.193196865968
shortest,227,155,557,6658.757210636095,35.35533905932738,0.0,0.023498697206377983,0.8944092392921448,35.50488385262049,6719.698080718589
shortest,228,156,556,6694.112549695422,35.35533905932738,0.0,0.0,0.593041718006134,35.35533905932738,6755.053419777916
shortest,229,157,555,6729.467888754749,35.35533905932738,0.0,0.0,0.5264632105827332,35.35533905932738,6790.408758837243
shortest,230,158,554,6764.823227814076,35.35533905932738,0.0,0.031210830435156822,0.609713613986969,35.55396356795184,6825.962722405195
shortest,231,159,553,6800.178566873403,35.35533905932738,0.0,0.0,0.6271559000015259,35.35533905932738,6861.318061464522
shortest,232,160,552,6835.53390593273,35.35533905932738,0.0,0.0,0.4374557137489319,35.35533905932738,6896.673400523849
shortest,233,161,551,6870.889244992057,35.35533905932738,0.0,0.0028595621697604656,0.9380364418029785,35.373537201540536,6932.046937725389
shortest,234,162,550,6906.244584051384,35.35533905932738,0.0,0.0,0.7883569002151489,35.35533905932738,6967.402276784716
shortest,235,163,549,6941.599923110711,35.35533905932738,0.0,0.01313033327460289,0.7173681855201721,35.43889998860677,7002.841176773323
shortest,236,163,548,6966.599923110711,25.0,0.0,0.0034560998901724815,0.8070173263549805,25.015552449505773,7027.856729222829
shortest,237,164,547,7001.955262170038,35.35533905932738,0.0,0.05542998015880585,0.6052657961845398,35.70809329298932,7063.564822515818
shortest,238,165,546,7037.310601229365,35.35533905932738,0.0,0.039180222898721695,1.0,35.60468047102816,7099.169502986847
shortest,239,166,545,7072.665940288692,35.35533905932738,0.0,0.040753938257694244,0.9825510382652283,35.61469553424604,7134.784198521093
shortest,240,167,544,7108.021279348019,35.35533905932738,0.0,0.044619008898735046,0.5862898230552673,35.63929269318644,7170.423491214279
shortest,241,168,543,7143.376618407346,35.35533905932738,0.0,0.0552310012280941,0.7487797141075134,35.70682699882835,7206.130318213108
shortest,242,169,542,7178.731957466673,35.35533905932738,0.0,0.1148686334490776,0.9096173048019409,36.08635856624465,7242.216676779352
shortest,243,170,541,7214.087296526,35.35533905932738,0.0,0.10554566979408264,0.6752309203147888,36.02702758885383,7278.243704368207
shortest,244,171,540,7249.442635585327,35.35533905932738,0.0,0.09330932050943375,0.3571140766143799,35.94915593884854,7314.1928603070555
shortest,245,172,539,7284.797974644654,35.35533905932738,0.0,0.0911630243062973,0.741648256778717,35.93549699345149,7350.128357300507
shortest,246,173,538,7320.1533137039805,35.35533905932738,0.0,0.07038294523954391,0.43128687143325806,35.80325338005625,7385.931610680563
shortest,247,174,537,7355.5086527633075,35.35533905932738,0.0,0.04416874051094055,0.6387209892272949,35.63642720271317,7421.568037883276
shortest,248,175,536,7390.8639918226345,35.35533905932738,0.0,0.029638778418302536,0.9513950943946838,35.54395909017838,7457.111996973455
shortest,249,176,535,7426.2193308819615,35.35533905932738,0.0,4.6310859033837914e-05,0.7442989945411682,35.35563377982957,7492.4676307532845
shortest,250,177,534,7461.574669941288,35.35533905932738,0.0,0.04240346699953079,0.4938209354877472,35.625193070878076,7528.092823824162
shortest,251,178,533,7496.930009000615,35.35533905932738,0.0,0.0644373670220375,0.5749722719192505,35.76541595197518,7563.858239776137
shortest,252,179,532,7532.285348059942,35.35533905932738,0.0,0.07210397720336914,0.9998375773429871,35.814205960406575,7599.672445736544
shortest,253,180,531,7567.640687119269,35.35533905932738,0.0,0.062292519956827164,1.0,35.751766228835415,7635.42421196538
shortest,254,181,530,7602.996026178596,35.35533905932738,0.0,0.05251489207148552,0.732391893863678,35.689541786000625,7671.1137537513805
shortest,255,181,529,7627.996026178596,25.0,0.0,0.04682179167866707,0.6232051253318787,25.210698062554005,7696.3244518139345
shortest,256,181,528,7652.996026178596,25.0,0.0,0.03580356389284134,0.7918030023574829,25.161116037517782,7721.485567851452
shortest,257,181,527,7677.996026178596,25.0,0.0,0.04029906541109085,0.756900429725647,25.18134579434991,7746.666913645802
shortest,258,181,526,7702.996026178596,25.0,0.0,0.020105119794607162,0.7528011202812195,25.090473039075732,7771.757386684878
shortest,259,182,525,7738.351365237923,35.35533905932738,0.0,0.08161129802465439,0.7692214846611023,35.8747101796194,7807.632096864498
shortest,260,183,524,7773.70670429725,35.35533905932738,0.0,0.1542443037033081,0.6640831232070923,36.33694379729943,7843.969040661797
shortest,261,184,523,7809.062043356577,35.35533905932738,0.0,0.13637091219425201,0.7469891905784607,36.22319823024973,7880.1922388920475
shortest,262,185,522,7844.417382415904,35.35533905932738,0.0,0.1541489064693451,1.0,36.33633669302006,7916.528575585067
shortest,263,186,521,7879.772721475231,35.35533905932738,0.0,0.17856690287590027,0.8186653852462769,36.491731870598635,7953.020307455666
shortest,264,187,520,7915.128060534558,35.35533905932738,0.0,0.1947617530822754,0.9542050957679749,36.594795266209694,7989.615102721876
shortest,265,188,519,7950.483399593885,35.35533905932738,0.0,0.10934016853570938,0.6598446369171143,36.0511756309765,8025.666278352852
shortest,266,189,518,7985.838738653212,35.35533905932738,0.0,0.04633338376879692,1.0,35.65020290805149,8061.316481260903
shortest,267,190,517,8021.194077712539,35.35533905932738,0.0,0.020105119794607162,0.7926924824714661,35.48328725821739,8096.79976851912
shortest,268,191,516,8056.549416771866,35.35533905932738,0.0,0.05946723744273186,0.7250957489013672,35.73378624101505,8132.533554760135
shortest,269,192,515,8091.904755831193,35.35533905932738,0.0,0.14613433182239532,0.9641426801681519,36.28533225228941,8168.818887012425
shortest,270,193,514,8127.26009489052,35.35533905932738,0.0,0.28978461027145386,0.9712786674499512,37.19951702638539,8206.01840403881
shortest,271,194,513,8162.615433949847,35.35533905932738,0.0,0.4130939543247223,0.6641607880592346,37.98425288665897,8244.00265692547
shortest,272,195,512,8197.970773009174,35.35533905932738,0.0,0.5147110223770142,1.0,38.6309399477956,8282.633596873266
shortest,273,196,511,8233.326112068502,35.35533905932738,0.0,0.48092880845069885,0.8235782384872437,38.415951254838475,8321.049548128103
shortest,274,197,510,8268.68145112783,35.35533905932738,0.0,0.3356591761112213,0.8790842890739441,37.49146097568899,8358.541009103792
shortest,275,198,509,8304.036790187158,35.35533905932738,0.0,0.23495164513587952,0.9517163038253784,36.850562173066024,8395.391571276858
shortest,276,199,508,8339.392129246486,35.35533905932738,0.0,0.1163177341222763,0.982729434967041,36.09558058645842,8431.487151863315
shortest,277,200,507,8374.747468305814,35.35533905932738,0.0,0.1434764564037323,0.9727674722671509,36.26841763670063,8467.755569500016
shortest,278,200,506,8399.747468305814,25.0,0.0,0.1311628818511963,1.0,25.590232968330383,8493.345802468346
shortest,279,200,505,8424.747468305814,25.0,0.0,0.07107221335172653,0.6075489521026611,25.31982496008277,8518.665627428429
shortest,280,201,504,8460.102807365141,35.35533905932738,0.0,0.12009124457836151,0.6153093576431274,36.1195950599498,8554.785222488379
shortest,281,202,503,8495.45814642447,35.35533905932738,0.0,0.10515734553337097,0.9126974940299988,36.02455630839139,8590.80977879677
shortest,282,203,502,8530.813485483797,35.35533905932738,0.0,0.1039549708366394,1.0,36.01690444267712,8626.826683239447
shortest,283,204,501,8566.168824543125,35.35533905932738,0.0,0.07404579222202301,0.5831077694892883,35.82656359551408,8662.653246834961
shortest,284,205,500,8601.524163602453,35.35533905932738,0.0,0.13152965903282166,1.0,36.19238868379074,8698.845635518752
shortest,285,206,499,8636.87950266178,35.35533905932738,0.0,0.14532552659511566,0.5827459096908569,36.28018504734159,8735.125820566094
shortest,286,207,498,8672.234841721109,35.35533905932738,0.0,0.14445054531097412,0.9391589760780334,36.27461670054674,8771.40043726664
shortest,287,208,497,8707.590180780437,35.35533905932738,0.0,0.11535217612981796,1.0,36.089435813021545,8807.489873079661
shortest,288,209,496,8742.945519839765,35.35533905932738,0.0,0.11396920680999756,0.7870736122131348,36.08063465016359,8843.570507729824
shortest,289,210,495,8778.300858899092,35.35533905932738,0.0,0.0886392816901207,0.8617364764213562,35.91943599379068,8879.489943723614
shortest,290,211,494,8813.65619795842,35.35533905932738,0.0,0.03361963480710983,0.7917823195457458,35.56929310510548,8915.05923682872
shortest,291,211,493,8838.65619795842,25.0,0.0,0.02470913529396057,0.9318917989730835,25.111191108822823,8940.170427937543
shortest,292,211,492,8863.65619795842,25.0,0.0,0.030659280717372894,0.8432506918907166,25.137966763228174,8965.30839470077
shortest,293,211,491,8888.65619795842,25.0,0.0,0.023541999980807304,0.8090337514877319,25.105938999913636,8990.414333700684
shortest,294,211,490,8913.65619795842,25.0,0.0,0.017516639083623886,0.7817904949188232,25.07882487587631,9015.49315857656
shortest,295,212,489,8949.011537017748,35.35533905932738,0.0,0.04120830073952675,1.0,35.617587079374225,9051.110745655935
